00C2,C241,A2
00E2,E261,A9
0102,CA41,A1
0103,EA61,A8
00C1,D941,B8
00E1,F961,B8
00C0,D841,B5
00E0,F861,B5
1EA2,DB41,B6
1EA3,FB61,B6
00C3,D541,B7
00E3,F561,B7
1EA0,CF41,B9
1EA1,EF61,B9
00D4,C24F,A4
00F4,E26F,AB
01A0,00D4,A5
01A1,00F4,AC
00D3,D94F,E3
00F3,F96F,E3
00D2,D84F,DF
00F2,F86F,DF
1ECE,DB4F,E1
1ECF,FB6F,E1
00D5,D54F,E2
00F5,F56F,E2
1ECC,CF4F,E4
1ECD,EF6F,E4
01AF,00D6,A6
01B0,00F6,AD
00DA,D955,F3
00FA,F975,F3
00D9,D855,EF
00F9,F875,EF
1EE6,DB55,F1
1EE7,FB75,F1
0168,D555,F2
0169,F575,F2
1EE4,CF55,F4
1EE5,EF75,F4
00CA,C245,A3
00EA,E265,AA
00C9,D945,D0
00E9,F965,D0
00C8,D845,CC
00E8,F865,CC
1EBA,DB45,CE
1EBB,FB65,CE
1EBC,D545,CF
1EBD,F565,CF
1EB8,CF45,D1
1EB9,EF65,D1
0110,00D1,A7
0111,00F1,AE
1EA4,C141,CA
1EA5,E161,CA
1EA6,C041,C7
1EA7,E061,C7
1EA8,C541,C8
1EA9,E561,C8
1EAA,C341,C9
1EAB,E361,C9
1EAC,C441,CB
1EAD,E461,CB
1EAE,C941,BE
1EAF,E961,BE
1EB0,C841,BB
1EB1,E861,BB
1EB2,DA41,BC
1EB3,FA61,BC
1EB4,DC41,BD
1EB5,FC61,BD
1EB6,CB41,C6
1EB7,EB61,C6
1ED0,C14F,E8
1ED1,E16F,E8
1ED2,C04F,E5
1ED3,E06F,E5
1ED4,C54F,E6
1ED5,E56F,E6
1ED6,C34F,E7
1ED7,E36F,E7
1ED8,C44F,E9
1ED9,E46F,E9
1EDA,D9D4,ED
1EDB,F9F4,ED
1EDC,D8D4,EA
1EDD,F8F4,EA
1EDE,DBD4,EB
1EDF,FBF4,EB
1EE0,D5D4,EC
1EE1,F5F4,EC
1EE2,CFD4,EE
1EE3,EFF4,EE
1EE8,D9D6,F8
1EE9,F9F6,F8
1EEA,D8D6,F5
1EEB,F8F6,F5
1EEC,DBD6,F6
1EED,FBF6,F6
1EEE,D5D6,F7
1EEF,F5F6,F7
1EF0,CFD6,F9
1EF1,EFF6,F9
1EBE,C145,D5
1EBF,E165,D5
1EC0,C045,D2
1EC1,E065,D2
1EC2,C545,D3
1EC3,E565,D3
1EC4,C345,D4
1EC5,E365,D4
1EC6,C445,D6
1EC7,E465,D6
00CD,00CD,DD
00ED,00ED,DD
00CC,00CC,D7
00EC,00EC,D7
1EC8,00C6,D8
1EC9,00E6,D8
0128,00D3,DC
0129,00F3,DC
1ECA,00D2,DE
1ECB,00F2,DE
00DD,D959,FD
00FD,F979,FD
1EF2,D859,FA
1EF3,F879,FA
1EF6,DB59,FB
1EF7,FB79,FB
1EF8,D559,FC
1EF9,F579,FC
1EF4,00CE,FE
1EF5,00EE,FE